"Path","Bytes","SHA256","Category"
"Core\Inc\adc.h","1406","D432B42F8390BB085796037C043A724FBF41D82ECAD1D3DD8059D3A8EDFA50FF","工程源码/配置，含自动生成内容，归属待确认"
"Core\Inc\dac.h","1345","7127240592B7D33E1C5E095658C9FE6BDFE237470CBA49B4D4D7B25F0392032C","工程源码/配置，含自动生成内容，归属待确认"
"Core\Inc\dma.h","1393","7CF6F7450A29D26303CBBA5A3CA8C6CB24A02635D6A5BA4D05141FDFC75C4C49","工程源码/配置，含自动生成内容，归属待确认"
"Core\Inc\gpio.h","1313","E2D62F964A0B7F238384ED6A20A181D09DF9647240A268DC547ACF5B35099F74","工程源码/配置，含自动生成内容，归属待确认"
"Core\Inc\iwdg.h","1351","B012C075D782CAEE63B0D43A4110F20C88399C547CFD6421BD0D3DBA71519856","工程源码/配置，含自动生成内容，归属待确认"
"Core\Inc\main.h","3201","AAA9DA8808EF21B187811CE0FF7FEF5A3091EFD573EF52700DE756B9EE777078","工程源码/配置，含自动生成内容，归属待确认"
"Core\Inc\stm32g4xx_hal_conf.h","13302","5DFCD148187ACA50BBF636DB3103EC6236B8E2D9157F5430498CBC0F30EE2CC2","工程源码/配置，含自动生成内容，归属待确认"
"Core\Inc\stm32g4xx_it.h","2063","A24AF889B8F0F47849528B65B4F1913EF4CB07690B3DB7BC0F340B86CD539ECE","工程源码/配置，含自动生成内容，归属待确认"
"Core\Inc\tim.h","1460","D172AE2D72B5A5CA02941AC7B806B9FBFD295500E5B434E9CC1CAB59227D90FB","工程源码/配置，含自动生成内容，归属待确认"
"Core\Inc\usart.h","1364","8167E4E06C52C66878F9EFFD3E551251C0F1393284A111F4AB2F73B491657F60","工程源码/配置，含自动生成内容，归属待确认"
"Core\Src\adc.c","7403","0FEEE77CEB8F5F03E7FA0CB4D1DCB4DE54758B4FA21B76228D846D22111A5684","工程源码/配置，含自动生成内容，归属待确认"
"Core\Src\dac.c","3645","D25F995E14E2C9C1DFF0EC320A6E826E7038EEC6CF81AEF3FACFD01F5C05412D","工程源码/配置，含自动生成内容，归属待确认"
"Core\Src\dma.c","1639","EB282099BAA3AC718788B3DF84F1D36A6DFF0BE4EC2ABC645BE1FDCC43BB4C05","工程源码/配置，含自动生成内容，归属待确认"
"Core\Src\gpio.c","3189","8FFE4192F18C1E23853F7A9FEE703FCEF7CE567D709544814F2EE4CD9CE9BBBF","工程源码/配置，含自动生成内容，归属待确认"
"Core\Src\iwdg.c","1463","C6C74BA5E8B068D6E7BFD073FC892177DCD4E5981F1AAFE2575B5184E7BAB4D8","工程源码/配置，含自动生成内容，归属待确认"
"Core\Src\main.c","23999","92AF7C318E05C5E62829CDA37B8F7CE03AFF1F71F5C78E71373349A2F2D001F5","工程源码/配置，含自动生成内容，归属待确认"
"Core\Src\stm32g4xx_hal_msp.c","2354","0AF205EC7F9243CF09CAFA79A6D304D6E6712BF89300FD75F9C96EB81D3A3FF2","工程源码/配置，含自动生成内容，归属待确认"
"Core\Src\stm32g4xx_it.c","7056","2CBD7F3B2CA0EAA43B141BF02E5699D79BEC9C9E879115A505D30D6D0FBE3B7F","工程源码/配置，含自动生成内容，归属待确认"
"Core\Src\syscalls.c","5109","03C06C72EAFB44B499814CF9234ABA57DD830F345D9B8779B5D7090E78517600","工程源码/配置，含自动生成内容，归属待确认"
"Core\Src\sysmem.c","2986","AD20F7B1FA1E7C73330727747222CF2FFA3245EBF035230EE9A157545E79DF95","工程源码/配置，含自动生成内容，归属待确认"
"Core\Src\system_stm32g4xx.c","10446","1DE96C381D922635DABC0836D315D66C99B4E9D4A407FEF6EE6F5C4E32B0791A","工程源码/配置，含自动生成内容，归属待确认"
"Core\Src\tim.c","6484","4786C1940C4573875B5001D3F0717035B36B36D2A7E09D85A00F516966AC7178","工程源码/配置，含自动生成内容，归属待确认"
"Core\Src\usart.c","3872","3620FEA1AA4887653505A63DC86029E8194DF85DCA6A2F61062E61CAFA728BF4","工程源码/配置，含自动生成内容，归属待确认"
"Drivers\CMSIS\LICENSE.txt","11558","E03BA41D7FAB20700769FE4118BAB50D800CB74F990353A05D2F5FFF1C228363","第三方依赖，非自主代码申报范围"
"Drivers\CMSIS\Device\ST\STM32G4xx\LICENSE.txt","371","135FB2D86E9ECDF6824CC3BBA21C72B8E380C07B055FBEBB6B995463EB609BAF","第三方依赖，非自主代码申报范围"
"Drivers\CMSIS\Device\ST\STM32G4xx\Include\stm32g431xx.h","989465","24E2BC3BE8A04BB5F2F46E43F52EA9CEEEB003CD8D7B7F38C0F62905D43F1411","第三方依赖，非自主代码申报范围"
"Drivers\CMSIS\Device\ST\STM32G4xx\Include\stm32g4xx.h","8920","493603C55AF538BC431713B4F9880B5E242447CEA232CA7459D3CA59C71DD48D","第三方依赖，非自主代码申报范围"
"Drivers\CMSIS\Device\ST\STM32G4xx\Include\system_stm32g4xx.h","2252","36304C07E9CEE84064015EBD7AE517AF6F466C466C1BBF5E342C57A296601DB2","第三方依赖，非自主代码申报范围"
"Drivers\CMSIS\Include\cmsis_armcc.h","29026","E6BA28E21B5A3CD44D4E2D2981E37568F419E5DF693C8B58E87674FBDF28DEEB","第三方依赖，非自主代码申报范围"
"Drivers\CMSIS\Include\cmsis_armclang_ltm.h","57115","31622280A8296B67BDACE0539710A3CFBF828B71F88BD0D5CCC5D7D291AB3A9F","第三方依赖，非自主代码申报范围"
"Drivers\CMSIS\Include\cmsis_armclang.h","47343","99B25AB977F383840994CB456AE3F259A5C9B036CB6A0D8C003B7CBBA4F6123A","第三方依赖，非自主代码申报范围"
"Drivers\CMSIS\Include\cmsis_compiler.h","9764","869640702D811C4C63ABB52206715C891A93FD03BE954DF5AD40D378355AF3D6","第三方依赖，非自主代码申报范围"
"Drivers\CMSIS\Include\cmsis_gcc.h","64795","0837F98E834D6A529854C8C86336E9D99EB8E379BF1DEB964858D7863950F862","第三方依赖，非自主代码申报范围"
"Drivers\CMSIS\Include\cmsis_iccarm.h","29127","A40C60D322903D410FE892C2ECCB92D82D8876DCE605FBB4CB563D52182AEB16","第三方依赖，非自主代码申报范围"
"Drivers\CMSIS\Include\cmsis_version.h","1715","DD03AF200B23BDD8D091FFA7BEB3D1A2C4FC5611557567BD57EC613205F6DF1F","第三方依赖，非自主代码申报范围"
"Drivers\CMSIS\Include\core_armv81mml.h","171740","FB6FF226BC14B8730B3D5C5E49A32514DE811B485DC3F0543045FFFFD8787F85","第三方依赖，非自主代码申报范围"
"Drivers\CMSIS\Include\core_armv8mbl.h","98060","319FD8C698098A16F2775FE292B734C91AAEEC3FEEE418E515CC3A1761EDEC76","第三方依赖，非自主代码申报范围"
"Drivers\CMSIS\Include\core_armv8mml.h","161332","1778FD691A0768DBEE4FBE537B3CC4D03FCFAB4AB9F60E31EC52605364F3DD36","第三方依赖，非自主代码申报范围"
"Drivers\CMSIS\Include\core_cm0.h","42382","20300B57C02D5B7B34C7B58BF7009E81713A60F44CA2A338F67CB4B473F4F3C4","第三方依赖，非自主代码申报范围"
"Drivers\CMSIS\Include\core_cm0plus.h","50609","4B79D5BF9F9165DDAE727C9F035F82FB0EA85CEEE2587B503D5D7BCD172D2DF9","第三方依赖，非自主代码申报范围"
"Drivers\CMSIS\Include\core_cm1.h","43605","C243C4AFB291068FE7078D2911B2F0001E78A4D5466C26728611B06147D65C2B","第三方依赖，非自主代码申报范围"
"Drivers\CMSIS\Include\core_cm23.h","104693","009F762A79B693F7F82EFC9298A33A14765C06DBD4CB2BF5C9B4FFBB6F7E56FF","第三方依赖，非自主代码申报范围"
"Drivers\CMSIS\Include\core_cm3.h","111357","EFEFEF85CD419652F5B7C1074EDE2F5C24DA943528C5156DE8D2A194DE1888DC","第三方依赖，非自主代码申报范围"
"Drivers\CMSIS\Include\core_cm33.h","167995","3E50058F0D08B8D8897FEC65E636E2F96635D1F8BCEF37D2DEC289E834539548","第三方依赖，非自主代码申报范围"
"Drivers\CMSIS\Include\core_cm35p.h","168005","32DBDE7EDB75784B23411639FA8CB8ECD3A3DA26F923530B9AE606E010FCAE57","第三方依赖，非自主代码申报范围"
"Drivers\CMSIS\Include\core_cm4.h","122991","CDC0C5AB9BA0F24C065E891D26C3E686ED04106700CE6A572CC7E83E71965B59","第三方依赖，非自主代码申报范围"
"Drivers\CMSIS\Include\core_cm7.h","151761","FF629C5BF98A8CAADF360D0BCC48E1042FEFA19995F7B64855D5E81E4C2E81CB","第三方依赖，非自主代码申报范围"
"Drivers\CMSIS\Include\core_sc000.h","47432","E306205844323C8FE4CC3E5433C91ED34D9D5055ED11ECEEF03401FDFB0C3600","第三方依赖，非自主代码申报范围"
"Drivers\CMSIS\Include\core_sc300.h","110326","CDDD97BB6172B5CDAD96A48445124A6D97A449546F5617E48F03847CBC4A09A4","第三方依赖，非自主代码申报范围"
"Drivers\CMSIS\Include\mpu_armv7.h","11962","E504A7D47DFDB3D61DFAE3CF08D27BA9BC69AA4B2B81CA568EFDAFD65D6ABDCC","第三方依赖，非自主代码申报范围"
"Drivers\CMSIS\Include\mpu_armv8.h","11601","95A05E406C38CB770621F07AC066B8C89B90874A50559EC9B10C9587B6049503","第三方依赖，非自主代码申报范围"
"Drivers\CMSIS\Include\tz_context.h","2757","7FCC21FC190F6FD970390E9CAAA6A86D72FD10F9EDF4EFAB36F12AECF1A8BAA0","第三方依赖，非自主代码申报范围"
"Drivers\STM32G4xx_HAL_Driver\LICENSE.txt","377","D5A162F3EAF2B7B6762F00700017CAE5695EBBDCE7932FEAD8316448BAAFD9C1","第三方依赖，非自主代码申报范围"
"Drivers\STM32G4xx_HAL_Driver\Inc\stm32g4xx_hal_adc_ex.h","113755","89BC6F7724BB55890BC1BC3E1F37B13997E4926A3656AB1B8E0B255A78EB2E71","第三方依赖，非自主代码申报范围"
"Drivers\STM32G4xx_HAL_Driver\Inc\stm32g4xx_hal_adc.h","152217","C2D04701E7289873D3EF635CC01BFEF219E417F98B626FAAB2C72295BB49B16C","第三方依赖，非自主代码申报范围"
"Drivers\STM32G4xx_HAL_Driver\Inc\stm32g4xx_hal_cortex.h","17496","49A4F194AC0AE566E9C8F4C13660BA308872774BF4F55D188002E319ED602168","第三方依赖，非自主代码申报范围"
"Drivers\STM32G4xx_HAL_Driver\Inc\stm32g4xx_hal_dac_ex.h","17565","21936051C00BC5BF15F9272FCB22E00B75499754F7162B2C69B62F8AF138406B","第三方依赖，非自主代码申报范围"
"Drivers\STM32G4xx_HAL_Driver\Inc\stm32g4xx_hal_dac.h","32686","2AFED61489BCD29005D2BBA9DAFA8BB6233527A6A5C7E87C391D6570C9B8CF96","第三方依赖，非自主代码申报范围"
"Drivers\STM32G4xx_HAL_Driver\Inc\stm32g4xx_hal_def.h","6966","ADCB12D4EEB391241481A75F738F81DC7C186ABE0DED173DA3A1191803658EB7","第三方依赖，非自主代码申报范围"
"Drivers\STM32G4xx_HAL_Driver\Inc\stm32g4xx_hal_dma_ex.h","12359","38693D56ABA90B7BB6FACAD83FD186EABD82A765BE59877771F8444FBFB00520","第三方依赖，非自主代码申报范围"
"Drivers\STM32G4xx_HAL_Driver\Inc\stm32g4xx_hal_dma.h","36647","3F98E441401E895E70367809B7B2B2EC54D644ABFC78D405BF8FB962BB7C9BD1","第三方依赖，非自主代码申报范围"
"Drivers\STM32G4xx_HAL_Driver\Inc\stm32g4xx_hal_exti.h","12393","67098386FCDC433F65831A0C70AC996D4E74C56AE1BC05393485B9D499239C09","第三方依赖，非自主代码申报范围"
"Drivers\STM32G4xx_HAL_Driver\Inc\stm32g4xx_hal_flash_ex.h","2407","6857115967B5B929054FD9416F2F65237559201D9ED2D4DAD63088B5AA72FE9F","第三方依赖，非自主代码申报范围"
"Drivers\STM32G4xx_HAL_Driver\Inc\stm32g4xx_hal_flash_ramfunc.h","1917","59E2F2D847960B24DAF76546B91FBD6B432B9883F521633CFD1F6E66F43C576A","第三方依赖，非自主代码申报范围"
"Drivers\STM32G4xx_HAL_Driver\Inc\stm32g4xx_hal_flash.h","46690","7BCCE9A12E02DE94E23343E696919874D5B7288FBB33E8E837B193626E49D14D","第三方依赖，非自主代码申报范围"
"Drivers\STM32G4xx_HAL_Driver\Inc\stm32g4xx_hal_gpio_ex.h","15425","D790A2918FD3919AF7442EDF8A5B4BC28F0410BF6197BFD879266B8C554DA9C2","第三方依赖，非自主代码申报范围"
"Drivers\STM32G4xx_HAL_Driver\Inc\stm32g4xx_hal_gpio.h","13950","21A4B96FCF61957C5C651698AF760EC4C6FF8388B420B54260018216F01D5A79","第三方依赖，非自主代码申报范围"
"Drivers\STM32G4xx_HAL_Driver\Inc\stm32g4xx_hal_iwdg.h","7156","D526BE1DE1C8142A86B3D041F17AB59E287F226578C377851C15D9C54601A9D3","第三方依赖，非自主代码申报范围"
"Drivers\STM32G4xx_HAL_Driver\Inc\stm32g4xx_hal_pwr_ex.h","30706","1E6A579FEA6E1673A799B3C6103661DB842DCD1126E5E74834E2D62181BDE518","第三方依赖，非自主代码申报范围"
"Drivers\STM32G4xx_HAL_Driver\Inc\stm32g4xx_hal_pwr.h","15124","132BDFC03C4360438E12B32B45672EBB4E0C7675A2074C06BBD0A121A7EFD2B9","第三方依赖，非自主代码申报范围"
"Drivers\STM32G4xx_HAL_Driver\Inc\stm32g4xx_hal_rcc_ex.h","75435","9056E7522C2600B29E985E7D6EF1814D5408FFFB700803A11096BBBA97AD3A5D","第三方依赖，非自主代码申报范围"
"Drivers\STM32G4xx_HAL_Driver\Inc\stm32g4xx_hal_rcc.h","166562","E1E829E43FF629948890C920268592B47A7A9E06CCEB86B6C6E9F6E49FD469A2","第三方依赖，非自主代码申报范围"
"Drivers\STM32G4xx_HAL_Driver\Inc\stm32g4xx_hal_tim_ex.h","122240","F30BE8E9AE998F1C6557BCA620D6403D456C16B86499B7BDB58B724836649F96","第三方依赖，非自主代码申报范围"
"Drivers\STM32G4xx_HAL_Driver\Inc\stm32g4xx_hal_tim.h","159250","FD2A61A3701D578DA81CFE9C9F326F27D1741F1B6977D1C6B126D641E88DD6B8","第三方依赖，非自主代码申报范围"
"Drivers\STM32G4xx_HAL_Driver\Inc\stm32g4xx_hal_uart_ex.h","52124","4243DE07FB90395212F436EC747BD7D91198E47437BD8D8C117A7D9E14061A85","第三方依赖，非自主代码申报范围"
"Drivers\STM32G4xx_HAL_Driver\Inc\stm32g4xx_hal_uart.h","90289","09A0C7E9F65376A43B58C6D3B5A023CF8829549F960070ACAEDB2D8DFB6216AC","第三方依赖，非自主代码申报范围"
"Drivers\STM32G4xx_HAL_Driver\Inc\stm32g4xx_hal.h","28432","E9C236731BBD4E6095C3468ED41578965C9C7CFD7CDFEBACCE74493B8666BB01","第三方依赖，非自主代码申报范围"
"Drivers\STM32G4xx_HAL_Driver\Inc\stm32g4xx_ll_adc.h","530084","C76242A6B0786D4F4F9F8C1B534350702CBF98B154F654D4B53D0684E92493A9","第三方依赖，非自主代码申报范围"
"Drivers\STM32G4xx_HAL_Driver\Inc\stm32g4xx_ll_bus.h","74753","44AFB6CA13072671E1E4389800D28B3A8BE922825E78481B911CBB3702F0C231","第三方依赖，非自主代码申报范围"
"Drivers\STM32G4xx_HAL_Driver\Inc\stm32g4xx_ll_cortex.h","24173","0D8090FD47C74EF211B3DDB553F634A8B382AF8873CCAA5FAF4801E713E4B984","第三方依赖，非自主代码申报范围"
"Drivers\STM32G4xx_HAL_Driver\Inc\stm32g4xx_ll_crs.h","24277","C2B17DED704016F571465838BEE2A618C6A097B8935A367A7B75F8C84EEA071E","第三方依赖，非自主代码申报范围"
"Drivers\STM32G4xx_HAL_Driver\Inc\stm32g4xx_ll_dac.h","135742","ED09525C5095C91BD73FC1A00C4EDD2812CB1721178CACF6CFE83AFBE3D95090","第三方依赖，非自主代码申报范围"
"Drivers\STM32G4xx_HAL_Driver\Inc\stm32g4xx_ll_dma.h","104723","6B798AAF2E014BFB74DA4837ECDF0A4A6F47B43F270E8CF4B0E93A8129DD1C50","第三方依赖，非自主代码申报范围"
"Drivers\STM32G4xx_HAL_Driver\Inc\stm32g4xx_ll_dmamux.h","94605","AE7FA0016736254D0BEF8527893AC93BBE5FF6A740AAE7438431AC65DC6A0D0C","第三方依赖，非自主代码申报范围"
"Drivers\STM32G4xx_HAL_Driver\Inc\stm32g4xx_ll_exti.h","54310","466423ACCC1C07A5FD3612B9CCB9B159184829B3AF8A027A5F4AAAA174346F01","第三方依赖，非自主代码申报范围"
"Drivers\STM32G4xx_HAL_Driver\Inc\stm32g4xx_ll_gpio.h","38040","1D47EDAACAA6F45101AE9EB1F3403F03C3DAA9C14FC79DB9D751D0E3CAA45B2D","第三方依赖，非自主代码申报范围"
"Drivers\STM32G4xx_HAL_Driver\Inc\stm32g4xx_ll_iwdg.h","10389","E5777B243EB956748225CD8CF6ABEFFFBE1A25BB92591168BEFBCA9245398C60","第三方依赖，非自主代码申报范围"
"Drivers\STM32G4xx_HAL_Driver\Inc\stm32g4xx_ll_lpuart.h","96038","60EB7F42119E2D6271540E454BC8976BE8643B112B121E6D25F03B83C63E81C7","第三方依赖，非自主代码申报范围"
"Drivers\STM32G4xx_HAL_Driver\Inc\stm32g4xx_ll_pwr.h","50980","BA6FF92D9CDAA69303ABD8439B06DC32468C188BCFC65499A2A8DC702A291982","第三方依赖，非自主代码申报范围"
"Drivers\STM32G4xx_HAL_Driver\Inc\stm32g4xx_ll_rcc.h","113531","BD54A7974FE8497DE2138AE290B913D2B0C6E138D3272263622BC7A3F25FEBE6","第三方依赖，非自主代码申报范围"
"Drivers\STM32G4xx_HAL_Driver\Inc\stm32g4xx_ll_system.h","59248","A0CA093590E36EA19B9EF168CFF1ED4973ECCDC4A76661D8903264A3CACE3BB5","第三方依赖，非自主代码申报范围"
"Drivers\STM32G4xx_HAL_Driver\Inc\stm32g4xx_ll_tim.h","309101","92E7E243FFCF9C5D6A36658B6DCB5D072B8B8EA4FC122AA5D2643BD57ED11C97","第三方依赖，非自主代码申报范围"
"Drivers\STM32G4xx_HAL_Driver\Inc\stm32g4xx_ll_usart.h","175099","E684B5A51ACC84370D27FF54909022512B4B5DBB8D8F7554558C5C7D834880AD","第三方依赖，非自主代码申报范围"
"Drivers\STM32G4xx_HAL_Driver\Inc\stm32g4xx_ll_utils.h","12120","1983EB94D3EDCB11AEE1D416A0EE823F7F8B52C3A6888408B52ACD4A32435DF6","第三方依赖，非自主代码申报范围"
"Drivers\STM32G4xx_HAL_Driver\Inc\Legacy\stm32_hal_legacy.h","238453","97A63CD0D7E27F692D92F475179EA949751F790A08B7D80FB5F611792BE98236","第三方依赖，非自主代码申报范围"
"Drivers\STM32G4xx_HAL_Driver\Src\stm32g4xx_hal_adc_ex.c","94347","AC4D019E71CC5D9DC02984F16C42B97C811A4AAAD12D46532F9ACA3CCCDF1A26","第三方依赖，非自主代码申报范围"
"Drivers\STM32G4xx_HAL_Driver\Src\stm32g4xx_hal_adc.c","147816","7298AF1A9125A3295BDFADBA3AFD712F607D15D360A5D16DE12369E41B380FE4","第三方依赖，非自主代码申报范围"
"Drivers\STM32G4xx_HAL_Driver\Src\stm32g4xx_hal_cortex.c","21167","764627455C7CCFD157B45FE7BD5EFFE78D1BC1C8F99AF041F39E1E1E7197C3B6","第三方依赖，非自主代码申报范围"
"Drivers\STM32G4xx_HAL_Driver\Src\stm32g4xx_hal_dac_ex.c","40921","BAEB07B80A1F7724BA014CF4155CB679C9ED653E074183E071D3263550CD0A2E","第三方依赖，非自主代码申报范围"
"Drivers\STM32G4xx_HAL_Driver\Src\stm32g4xx_hal_dac.c","63078","89305DE3777278A45A81F200C66A4D2D370304EF07102FB838A4A1558E903C99","第三方依赖，非自主代码申报范围"
"Drivers\STM32G4xx_HAL_Driver\Src\stm32g4xx_hal_dma_ex.c","10377","750BBA8C3AF33A2C5EA5588681BAFF79E028BAEC3080473AE550F98A79D3E57C","第三方依赖，非自主代码申报范围"
"Drivers\STM32G4xx_HAL_Driver\Src\stm32g4xx_hal_dma.c","35354","68F8F023A5C516A5D0BA9AA2459B8441FE3F187D7983C18960FA6F37BCED4B7B","第三方依赖，非自主代码申报范围"
"Drivers\STM32G4xx_HAL_Driver\Src\stm32g4xx_hal_exti.c","17501","EB1687B291E66FDF7A5A4FB8496F5D411BE6C86EDD3D75147F64E9E19BC192B3","第三方依赖，非自主代码申报范围"
"Drivers\STM32G4xx_HAL_Driver\Src\stm32g4xx_hal_flash_ex.c","48966","FAA9D7FFA04C9072035273FDF1DEDBFEE1886A4F58D29F5D0B075263EF06BC30","第三方依赖，非自主代码申报范围"
"Drivers\STM32G4xx_HAL_Driver\Src\stm32g4xx_hal_flash_ramfunc.c","7937","5D5D66378381D9DB97BFAE8077818DE467344119516C00D205132786B0B67279","第三方依赖，非自主代码申报范围"
"Drivers\STM32G4xx_HAL_Driver\Src\stm32g4xx_hal_flash.c","24008","7894F8CF4A3BD8B214FC826CBB93AA9A20596CFC3C45760F6F775D79E28CBDA4","第三方依赖，非自主代码申报范围"
"Drivers\STM32G4xx_HAL_Driver\Src\stm32g4xx_hal_gpio.c","18490","7BFF46E900A1BA30375A98DC58369B9E4E0AAB2EE6EA30E5D70E1ECE449D5CAE","第三方依赖，非自主代码申报范围"
"Drivers\STM32G4xx_HAL_Driver\Src\stm32g4xx_hal_iwdg.c","10850","DDC09301AB3D689EAAEF255FF9FCACA01E361B7E9DD06EF2C5EFD3E73AAB772A","第三方依赖，非自主代码申报范围"
"Drivers\STM32G4xx_HAL_Driver\Src\stm32g4xx_hal_pwr_ex.c","38165","E86B738668581F6E1A2ACF59010F5ECEB236F94A0DC6A1A8554DDF24A6437BD4","第三方依赖，非自主代码申报范围"
"Drivers\STM32G4xx_HAL_Driver\Src\stm32g4xx_hal_pwr.c","24469","A8303B059435DFE1E6E6A558CA1B1441C875156058D7CF9CC49A21264409F7AF","第三方依赖，非自主代码申报范围"
"Drivers\STM32G4xx_HAL_Driver\Src\stm32g4xx_hal_rcc_ex.c","63965","E82F43FD5C78801D126B86EA083853D6EA263935D77AE0B3DA7D50FEA4806AE4","第三方依赖，非自主代码申报范围"
"Drivers\STM32G4xx_HAL_Driver\Src\stm32g4xx_hal_rcc.c","51118","446B3B7319A22F118526A4665DA8971BA48C0C31634A32A2215C6AA8B8A9BA3E","第三方依赖，非自主代码申报范围"
"Drivers\STM32G4xx_HAL_Driver\Src\stm32g4xx_hal_tim_ex.c","137272","189FE4E60974B4408116E5FC7BD2D611067D5B14F9FFB9F22EB6F6BDA49BC363","第三方依赖，非自主代码申报范围"
"Drivers\STM32G4xx_HAL_Driver\Src\stm32g4xx_hal_tim.c","261847","12E54B95045F3F0FA930CECCA7A400F0D8E7E0A0E2C627D661152FF0AD5A39A9","第三方依赖，非自主代码申报范围"
"Drivers\STM32G4xx_HAL_Driver\Src\stm32g4xx_hal_uart_ex.c","36414","ACA1A24FC2C9F4F5DA3D39149A150CC5F444F951A50D98FEB6D9B69443E18D5C","第三方依赖，非自主代码申报范围"
"Drivers\STM32G4xx_HAL_Driver\Src\stm32g4xx_hal_uart.c","160192","434370A76AC8A2E17B5DF05FF97EE5382600A9D3D022F97588CB41F9693A3377","第三方依赖，非自主代码申报范围"
"Drivers\STM32G4xx_HAL_Driver\Src\stm32g4xx_hal.c","23896","96A7C255246AD457497D2AC4018D00679761B8ADEBA8E196770AD22391DCB474","第三方依赖，非自主代码申报范围"
"Drivers\STM32G4xx_HAL_Driver\Src\stm32g4xx_ll_adc.c","75992","B7F23C602FF0EFD260E2659492B57100726DEF480E38F69178E69050A5A6C3E9","第三方依赖，非自主代码申报范围"
"cmake\gcc-arm-none-eabi.cmake","2675","D5EC528A49E8E54027C9CA324AB7F028638253C22886452893D5A304F0372A58","工程源码/配置，含自动生成内容，归属待确认"
"cmake\starm-clang.cmake","2967","4FA97F7A26E4A1B9F92F4FFE3E4D29B3B2105C1612FB7EA762FF1B87D082640A","工程源码/配置，含自动生成内容，归属待确认"
"cmake\test-find-binutils.cmake","860","039DFC5CC997B3EC824FFE177CC76E170F11AC44C4F5BD409D892C969AB92623","工程源码/配置，含自动生成内容，归属待确认"
"cmake\stm32cubemx\CMakeLists.txt","4959","38BA4199A650F2FC5B5DD03890D86F89DB36EEF533E3E2EF06F6C4CE73263AD2","工程源码/配置，含自动生成内容，归属待确认"
"CMakeLists.txt","1588","6AE939CC112E46D38D36B755D4562CD30DB497EAE35E79F30D911C6C429C388A","工程源码/配置，含自动生成内容，归属待确认"
"CMakePresets.json","1034","C08ADE5BC76B913690E4DBFDE8A0B301E068B42E6AA7920E9848993D11A8DBBB","工程源码/配置，含自动生成内容，归属待确认"
"hengliu.ioc","10120","8429D036532749F1941CE0D6D4BA09BA93936C84D2B98B00802189A93013967C","工程源码/配置，含自动生成内容，归属待确认"
"startup_stm32g431xx.s","12523","B4F6198C497DFCA9D9D2C90B6A9CE3E69B7C5D8A41AAA837592022FC528C309A","工程源码/配置，含自动生成内容，归属待确认"
"STM32G431XX_FLASH.ld","8376","52CFF11C9AE5C1CF154D1409893A7AAA6D99281F7FB4BD258171DBAB36479056","工程源码/配置，含自动生成内容，归属待确认"
